Full Stack Developer,Wednesday Solutions,"Fatimanagar, Pune, Maharashtra",Active 3 days ago,https://in.indeed.com/rc/clk?jk=8953ff7bbf24e41f&bb=jdJoDxkDKuIzY_Plc478dPMLbCq-HC_49KKG-Rr-zu-WaiIwUnNMTrZE0w2b0ZjBD15FWbr6uf1X-AVdOHsXybsOieuKXq27Lu3hHvg6dX4%3D&xkcb=SoDB67M3FBxrbayndp0LbzkdCdPP&fccid=34211be36f867e8f&cmp=Wednesday-Solutions&ti=Full+Stack+Developer&vjs=3
Software Developer -Interns,Screen Magic Mobile Media Pvt. Ltd.,"Pune, Maharashtra",Posted 7 days ago,https://in.indeed.com/rc/clk?jk=d765c63baad78307&bb=jdJoDxkDKuIzY_Plc478dGeFqIbvjOzE0geezInfpsSdYTMe3bIXJRNC7G4w0A9YzF_fyjcZPRYB7-pwPDLkH_K0344NmNK9qjpnKdRjHVg%3D&xkcb=SoB167M3FBxrbayndp0KbzkdCdPP&fccid=c763619d02ed10ac&vjs=3
Full Stack Developer,I_webXP Solution PVT.LTD,"Pune, Maharashtra",Active 4 days ago,https://in.indeed.com/rc/clk?jk=dbd6f6d12515236c&bb=jdJoDxkDKuIzY_Plc478dCAqSsZcXGknRU0dWtBI4k5FJ4PJ9X0pKV7rfyotTQhl4fNUEqw8XVvauI8tAzMTkgoc7Rlw7HFExqRBRXiP-k4%3D&xkcb=SoDo67M3FBxrbayndp0JbzkdCdPP&fccid=d02c042ba125306e&cmp=I_webXP-Solution-PVT.LTD&ti=Full+Stack+Developer&vjs=3
Full Stack Python Developer,Brightleaf Solutions,"Pune, Maharashtra",Posted 30+ days ago,https://in.indeed.com/rc/clk?jk=f0c4c5a2c6e08d31&bb=jdJoDxkDKuIzY_Plc478dFbUirsl4HZrOkwPMnM3N5OL0yhr4uK6xYk7mFdukYoz3H_zdjTqii5-efEgIVx_cuSaVoXyTxKEaqqpTuJWRIM%3D&xkcb=SoBc67M3FBxrbayndp0IbzkdCdPP&fccid=d5c00519644cea73&vjs=3
Web Developer,Webtech Developers,"Kothrud, Pune, Maharashtra",Posted 30+ days ago,https://in.indeed.com/rc/clk?jk=94219333e68146fa&bb=jdJoDxkDKuIzY_Plc478dNZUF1fQJWxbh1l1zyk_Z8fJldm1lw3USs4VMGiOAQuBnsHKT6F4PRF2dsAoZgFmSP6AlFT9rsQgs2oCOEZdQaQ%3D&xkcb=SoDS67M3FBxrbayndp0PbzkdCdPP&fccid=a153be28fdddd928&vjs=3
Full Stack Developer Java,Eviox Tech,"Pune, Maharashtra",Posted 30+ days ago,https://in.indeed.com/rc/clk?jk=a2bb3859b9417be2&bb=jdJoDxkDKuIzY_Plc478dOJCszBjn1t_SWOTQxR2LUr5GQgJCPIiFU2OX-AFkyRWblPyWSpe0iuJtedgBlyccq75XFIS6JfjzBE2VCZ67WM%3D&xkcb=SoBm67M3FBxrbayndp0ObzkdCdPP&fccid=b47b280d2ffdac82&vjs=3
Full Stack Engineer,Easebuzz Pvt Ltd,"Pune, Maharashtra",Posted 30+ days ago,https://in.indeed.com/rc/clk?jk=93b60411af0e3d7b&bb=jdJoDxkDKuIzY_Plc478dPRrKnLmGVlz8p5MZSY5GNyOvtfZpLQq2nX6qOtoOslEH8SC45xifEZOeGstnJG3AsW9-hDIyYJz7VUmil35sFw%3D&xkcb=SoD767M3FBxrbayndp0NbzkdCdPP&fccid=e67801ae696c82e4&vjs=3
Full Stack Developer,Moxiedeck Software,"Pune, Maharashtra",Posted 30+ days ago,https://in.indeed.com/rc/clk?jk=dd816e792bebcb64&bb=jdJoDxkDKuIzY_Plc478dOJCszBjn1t_J-yFBgP8RaZ4LFCS5NR63YPkkT1nuRQmnFic4DQs9vTLwBitqm53le-Jb9Kd5Ti12Uls15gkELg%3D&xkcb=SoBP67M3FBxrbayndp0MbzkdCdPP&fccid=2eb08c3eb8548281&vjs=3
Full-Stack Engineer with Angular / Python / Django,Hardskills Pte Ltd,"Pune, Maharashtra",Posted 30+ days ago,https://in.indeed.com/rc/clk?jk=831a5489993810ed&bb=jdJoDxkDKuIzY_Plc478dCBkigrrbmMeu48YC9A1koWcH0mzijNa0oMnY9T1NkI3RykoxaRNTilUTl50E-TMvaXmZ2Im2wN9zUcu9jRkfyI%3D&xkcb=SoCm67M3FBxrbayndp0DbzkdCdPP&fccid=55b51955883ff087&vjs=3
ML Full-Stack Developer,DeepTek Medical Imaging,"Remote in Pune, Maharashtra",Posted 30+ days ago,https://in.indeed.com/rc/clk?jk=0dcd6817ce53bec7&bb=jdJoDxkDKuIzY_Plc478dDTSUzDvyzoZ8_NLPcMgMX4LwxRqM1lB2JmAjk9IbPyQh8LqKADSU9QwpPuCwG5Ocxs_fjss5aHTM4bUdZ9sLMQ%3D&xkcb=SoAS67M3FBxrbayndp0CbzkdCdPP&fccid=1fe571b6e851fd6e&vjs=3
Full Stack Developer | Full time,Asmadiya Technologies,"Pune, Maharashtra",Posted 30+ days ago,https://in.indeed.com/rc/clk?jk=00c12144ed1bac8e&bb=jdJoDxkDKuIzY_Plc478dCBkigrrbmMenawUuuDjdUNrh-AB0pLuT31o8idOL_uQ55w7-SY1SmQg8LbDq81yhyuaWTj_DNwbifitjbzq6QU%3D&xkcb=SoCP67M3FBxrbayndp0BbzkdCdPP&fccid=e0969eb836847979&vjs=3
Full-Stack Developer – Python,ULTISOURCE,"Pune, Maharashtra",Posted 30+ days ago,https://in.indeed.com/rc/clk?jk=bf4359a8a1cc54df&bb=jdJoDxkDKuIzY_Plc478dKC92Bw1g2BeUAYpj9ehIqZAKWEhOmPnhd7_M2hFXszWg7W304R6HZax2eQkzPvshealJyVY9Ey87ry6WFakK-0%3D&xkcb=SoA767M3FBxrbayndp0AbzkdCdPP&fccid=d7faaa5e65558bbd&vjs=3
Full Stack Developer,Bluewhirl Technologies,"Pune, Maharashtra",Posted 30+ days ago,https://in.indeed.com/rc/clk?jk=ff9cf13921c458cf&bb=jdJoDxkDKuIzY_Plc478dFZ0VhfCUfP3G2-PlAghNOu7mFFOagM-ERPN409VwavR0NjtsiJXs4Zn3Aha89IkEOARnfGB7WahAPBMJLwP8WI%3D&xkcb=SoC167M3FBxrbayndp0HbzkdCdPP&fccid=58683ff0487d130d&vjs=3
Fullstack Stack,McKinley Rice,"Pune, Maharashtra",Posted 10 days ago,https://in.indeed.com/rc/clk?jk=40283e6f7f51a201&bb=jdJoDxkDKuIzY_Plc478dB7HoDaYrMa01RA6gJR1pEYArRWmBOWaXGnB7nPE1swdzU3Tnh-V_Jjydf9H3pIRkNBdOTGecIJRPJD9HG7Hp8Q%3D&xkcb=SoAB67M3FBxrbayndp0GbzkdCdPP&fccid=5fb6e11d68585526&vjs=3
Full Stack Developer,Red Bixbite Solutions,"Pune, Maharashtra",Posted 30+ days ago,https://in.indeed.com/rc/clk?jk=4695de0cd2236174&bb=jdJoDxkDKuIzY_Plc478dPMxBE_rQnsGfPeAm2XI-S0QdxfcLkN2LNsZfG9BaGoDcNE8PybZh5JBKCtqtDd_HlOvu8fy-xgYPWtC0jKpBbo%3D&xkcb=SoCc67M3FBxrbayndp0FbzkdCdPP&fccid=9c1134da2799b19d&vjs=3
Python Full stack Developer,Wolters Kluwer,"Pune, Maharashtra",Posted 30+ days ago,https://in.indeed.com/rc/clk?jk=c6878dff08a2c7c7&bb=0Fb4KtTNgrHtsvxp_akFARDGwaq7-TuUDqWGgP_CNvXegb8yZY85vSI3b_Cy9rfoYWHQ0a7uO3ORpxpituDsW9G9bhcxJvYUjgRTdbv6R8g%3D&xkcb=SoBI67M3FBxmX4SSxR0LbzkdCdPP&fccid=f46e2fd6ab3f5a72&vjs=3
Python/Django Developer,Rapidera Technologies,"Baner, Pune, Maharashtra",Posted 30+ days ago,https://in.indeed.com/rc/clk?jk=b28a488c900ba50b&bb=0Fb4KtTNgrHtsvxp_akFAeKzDQY7du7RyiKkH_9whKeGvA37GIE2nFEI2FArNFDLZDZZ0xw5guGsCuUngcd16uYHmZ_s9fLows-4PV2ptTw%3D&xkcb=SoD867M3FBxmX4SSxR0KbzkdCdPP&fccid=d16e616d7b1057e9&vjs=3
Full Stack Developer,HR Devi and Associates,"Pune, Maharashtra",Posted 30+ days ago,https://in.indeed.com/rc/clk?jk=70032cfde916f437&bb=0Fb4KtTNgrHtsvxp_akFAbufyqAhDWWcpe2f1-JXF7As6Vyg42ZqYa8J8ZlL4NOoIwQ_haLs1uOEglPAmPMXpo_3Bc5Eb_ZU81sFFUAxyc0%3D&xkcb=SoBh67M3FBxmX4SSxR0JbzkdCdPP&fccid=b34ea636f2b77053&vjs=3
Senior Software Developer / Full Stack Developer,Sadhana IT Solutions,"Remote in Pune, Maharashtra",Posted 30+ days ago,https://in.indeed.com/rc/clk?jk=fd8b2bcf16f7463a&bb=0Fb4KtTNgrHtsvxp_akFAYNHra8_KnWoMLni1ORpc_synCqk82FJKZVjykzW9aWxjYcXs2wEnw9XrDpfaBFK1wE0eLOPDX1Atvp3wtSpVIs%3D&xkcb=SoDV67M3FBxmX4SSxR0IbzkdCdPP&fccid=dd616958bd9ddc12&vjs=3
Python Developer for IT Industry.,SOUL Foundation,"Chinchwad, Pune, Maharashtra",Posted 30+ days ago,https://in.indeed.com/rc/clk?jk=5a2209a2c3825679&bb=0Fb4KtTNgrHtsvxp_akFAaTTO9jjwyTKgci5AghxJ33hgvywqhP4bfTSat1brKYi3nUWbWwU3UFWpq4MX0mgppRYpDlScdaWjxX3tQfjWtY%3D&xkcb=SoBb67M3FBxmX4SSxR0PbzkdCdPP&fccid=7c40353d71046969&vjs=3
Wednesday Solutions- Full Stack Developer,ConsultBae,"Pune, Maharashtra",Posted 30+ days ago,https://in.indeed.com/rc/clk?jk=1f35c5ad684da506&bb=0Fb4KtTNgrHtsvxp_akFAYpCAGY2nKOjYBjJ6eAGJo259vNvEe25yW8nftJX9JYD7uXWFGaBEJ_JM130XqJXiOvSVz6hC5tki515RUCNKRc%3D&xkcb=SoDv67M3FBxmX4SSxR0ObzkdCdPP&fccid=01705babff3137ff&vjs=3
Full-stack Engineering Manager,Codvo.ai,"Pune, Maharashtra",Posted 30+ days ago,https://in.indeed.com/rc/clk?jk=bd570f4536360c06&bb=0Fb4KtTNgrHtsvxp_akFAfOA95_wk1Yoijc8sNZkL4SDk1Aoz1HfgZj8oUW4dxL5EEM2PvEwZ1r-f7M2loWQ_nMX9G88e58iAi9mLmmWoeo%3D&xkcb=SoBy67M3FBxmX4SSxR0NbzkdCdPP&fccid=9efc09e838c49044&vjs=3
Python Developer,Sapper Software,"Baner, Pune, Maharashtra",Posted 30+ days ago,https://in.indeed.com/rc/clk?jk=6fb03486b2c617e5&bb=0Fb4KtTNgrHtsvxp_akFARHvcfUM4mk-wOiWKkoDsrC8ANGAQKRaJTE1tXmWOC5Q3WamKVHJ2a0MGNtFBUa6pWB9GgIq555j45mpMuZRzdY%3D&xkcb=SoDG67M3FBxmX4SSxR0MbzkdCdPP&fccid=8991f48a43012e1b&vjs=3
"Lead Engineer (python, Vue)",CityLink Technology Solutions,"Pune, Maharashtra",Posted 30+ days ago,https://in.indeed.com/rc/clk?jk=a65ceb8369e4788f&bb=0Fb4KtTNgrHtsvxp_akFAfUCsEAr3rhfz_X1Vs8A3c3PZh8bMP0Ci2RRXvjpt8LP787Z2MfBdPUSBSm0LfIwmTzHTM3wjE6NKmSVkqO2YLM%3D&xkcb=SoAv67M3FBxmX4SSxR0DbzkdCdPP&fccid=d7458a7c05c96c9a&vjs=3
Senior MEAN / MERN Stack Developer,Tech Alchemy,"Pune, Maharashtra",Posted 30+ days ago,https://in.indeed.com/rc/clk?jk=15b037f509c32d0d&bb=0Fb4KtTNgrHtsvxp_akFAfTIDbNtuL3X-JBNKQOMV-KpjOE7qZC3_Bgtxv6hHMy64KYbqzJHQfgGTyq-lurwLHwTgDhS1ffEKGS3e7TGX58%3D&xkcb=SoCb67M3FBxmX4SSxR0CbzkdCdPP&fccid=57d30bc6c0698dae&vjs=3
Senior FullStack Developer,Screen Magic Mobile Media Pvt. Ltd.,"Pune, Maharashtra",Posted 30+ days ago,https://in.indeed.com/rc/clk?jk=79a3638a1cc336f6&bb=0Fb4KtTNgrHtsvxp_akFAXWXR8g6JCIhZqO9ea7IdlXoDTOtlVIIIZcc1ZI6T7oVEOtPNP5C3HsVvm9Ft22lFE4RFXGOb0oZ-pBwX7Dwqas%3D&xkcb=SoAG67M3FBxmX4SSxR0BbzkdCdPP&fccid=c763619d02ed10ac&vjs=3
"DEVELOPER : NATIVE MOBILE PLATFORMS (IOS, ANDROID)",Global Digital MOJO,"Pune, Maharashtra",Posted 30+ days ago,https://in.indeed.com/rc/clk?jk=4ae216000d88404e&bb=0Fb4KtTNgrHtsvxp_akFAadK2TzIsrx1ri-PE4qlhaY7Tjv7fJdw9jukjD8RvJ5CB84qtI_8YR84aCk9etbTC0M3FtugtivAwaAUoAZd6wE%3D&xkcb=SoCy67M3FBxmX4SSxR0AbzkdCdPP&fccid=aaa0610c865569d8&vjs=3
Front End Developer,eTechno Lab,"Pune, Maharashtra",Posted 30+ days ago,https://in.indeed.com/rc/clk?jk=e8d6782aaf4f3eb1&bb=0Fb4KtTNgrHtsvxp_akFAQl_rFUEbz58U-fd_gOSyQvlAMgU3Wis08uKnSLDoQ4NuGbOY4JQXbrSonoaukMcdtEU_VrtCqkJ6ViHP22mwGU%3D&xkcb=SoA867M3FBxmX4SSxR0HbzkdCdPP&fccid=65ed416b550d50ce&vjs=3
